time,joint_1,joint_2,joint_3,joint_4,joint_5,joint_6,joint_7,joint_8,joint_9,joint_10,joint_11,joint_12
7.152557373046875e-07,0.0,0.0,0.0,0.0,0.0,0.0,0.0,0.0,0.0,0.0,0.0,0.0
0.01996469497680664,0.0,0.0,0.0,0.0,0.0,0.0,0.0021784806922308083,5.9773703128596e-05,-0.0002652551826410808,-0.0009863177298786757,-0.00031523466261114744,6.435869224715926e-06
0.05337643623352051,0.013368564457582216,0.018390295364180197,0.012779232051726602,0.06655780148309672,0.002457741086690265,0.07068662972521476,0.017138303007128923,-0.027282047707966703,-0.025248620027295814,-0.06415081110536953,-0.06189546331250425,0.04117292284983066
0.0916893482208252,0.026900470261294072,0.03260622982497125,0.02461128363848019,0.05787474690420997,0.002014011116446832,0.051771263579155354,0.006783921797338825,-0.03776661995547484,-0.004137516175770559,-0.06221238521751915,-0.02957359867567435,0.05361657875432832
0.12367844581604004,0.028125690785391545,0.03913965735511465,0.03479015636842328,-0.2956424357728274,0.15663772506972182,0.003342703737516245,0.01240398352075383,-0.02598817340194627,0.035020988224815745,0.3011093894130398,-0.1307058187606763,0.08879346708919827
0.15412211418151855,0.010155126656420668,0.057965766676117275,0.0760624224398248,-0.30235922615234223,0.20581894756552682,-0.17027249150839174,0.1798217811182618,0.06312609948142932,-0.045698906238092536,0.20679480977220271,-0.05411430843660853,-0.039229652078946575
0.18261098861694336,-0.08920638478195572,-0.015425846935462076,0.041489374623416654,0.12357185360714673,0.07646266761944176,-0.17078455482462246,0.14919626317501383,0.03348450620748224,-0.09744085899169885,-0.12944095634491998,0.021263791048110464,-0.05996833978083869
0.21198129653930664,-0.26604946692602216,-0.18247193054776906,-0.016257775739845708,-0.2933550607039123,0.7064511889040866,0.17337601585190776,0.24515913653378105,-0.030503560907450253,-0.12115733397032555,0.406008446409217,-0.600134399305624,0.2688040438754462
0.23733830451965332,-0.6156832546865518,-0.08691405118298921,-0.03034021726983995,-1.7625408247147387,0.004165844096801319,-0.15720402388552096,0.9929875078032799,0.5118952397981407,0.2502625907186651,0.6191055608366782,-0.38715435074756455,-0.04472743076807034
0.26734018325805664,-0.9641411326341817,-0.20041311399631118,-0.9657880593672625,-3.6875321936492984,0.062039110981408636,-0.6949918554832215,0.9307028139579705,0.6512114088045934,0.5621824616143943,2.396366210335866,-0.8787455853229139,-0.9943450195243748
0.29953670501708984,-0.7394108873242871,-0.203506969618854,-0.996525453632532,1.67047747383205,-0.066114020746778,-0.6091389989414335,1.1461276968180842,0.47706244684110755,0.5696317312385452,-2.2021022979232465,-0.8240239086356299,-0.8863786175100029
0.3336527347564697,-0.4806912071888614,-0.8920530877698722,-2.092884958397875,3.316945289201088,-1.4093271359084398,0.1992357917253843,0.7383165835979416,1.093388922483613,1.9239544078486843,-3.0361667681785987,2.6201765089080538,0.39913683508157993
0.36766552925109863,-0.14478048560892148,-0.5759879930451264,-1.0742224896168548,-1.986437332542239,0.7537345466665095,-0.8809582918343876,0.3866831880294709,0.8451105685210246,1.5736785511813285,2.035483278930684,-0.8535287156777631,-0.07233785408482146
0.40006256103515625,-0.1333098691745362,-0.3369758729996369,-0.5879576734544802,-0.666275255704126,0.3564954106707838,0.3530038629961544,0.35679924863546153,0.5417010806269414,0.8290812820410224,0.6512502117775087,-0.5041715642120186,0.09760878115532229
0.4340977668762207,-0.3082702779521652,-0.24525815251130428,0.055365530113476,0.9212041385336287,-0.0401053565177914,0.25890342471978656,0.2618797844842611,0.28989865431568884,0.25912678602051453,-0.5533007892254711,0.26665385496722427,0.07665380882337147
0.4677886962890625,-0.20001216632479513,-0.18110906634751217,0.24187827999345704,-0.3803815557334729,0.25535945308461755,-0.03952815237626345,0.1645665340904396,0.18424764878938127,0.06742074547884436,0.3362972021606818,-0.27084420553029986,-0.04509043694584022
0.4959757328033447,-0.2152533951527365,-0.19879296950456943,0.37193362921945883,-1.8068965003107909,1.0978326163686256,-1.3519241325920375,0.18227018189844457,0.17258114526402715,-0.09332188214357909,1.6195691503190492,-0.9819820112810884,-1.3606524254594519
0.5271320343017578,-0.22523507280889613,-0.1318059536047279,0.3487249163099617,0.5415789172971237,-0.44775977886498275,0.3764900287610109,0.18622341924753827,0.06136598579852642,-0.30401603656926657,-0.4826354057129236,0.3806030088763197,0.37625471047865267
0.5584456920623779,-0.14527607043641783,-0.13283381311163575,0.23449327191128352,0.47753310444619235,-0.18702720200470774,0.20249685072138618,0.10421794991800494,0.07188329698051105,-0.21889918695196736,-0.4162722111400028,0.24122467083400903,0.2087480341541094
0.5906350612640381,-0.10201972572525295,-0.12743198954333002,0.17249341510170696,-0.4666346876952643,0.3881593235938838,0.06365409075366196,0.06054870554546067,0.08025246183426017,-0.1114681976078785,0.4988902411458763,-0.3508600731248911,0.05216174861101475
0.6392514705657959,-0.07824725464749777,-0.10378299671236643,0.10950930444506582,0.2419614195967934,-0.15548540997507326,0.1347436139987426,0.04097409186267605,0.05455382714449965,-0.1001622735154969,-0.20660498504432245,0.14614371805816717,0.140164236918783
0.6802241802215576,-0.026936964377564335,-0.058347504765634786,0.1380336631554948,0.22843250293782083,-0.11188923634749053,-0.11772390424587478,-0.0007152222799696253,0.02396766682502182,-0.125612874548577,-0.2243000279965934,0.09840736444980738,-0.11742759005093562
0.7150428295135498,-0.0066192625678214885,-0.02722718601273626,0.1650618523304591,-0.406965889921441,0.30341003398231603,-0.14758214711674364,-0.015650292513152652,0.009419913644331026,-0.11107623953753122,0.40338934727317954,-0.29710677216267245,-0.1565221808040969
0.7540817260742188,-0.0034197369127032047,-0.03052889794791914,0.11765635622425491,0.15545123176016917,-0.09518269233432625,-0.172036525097088,0.09951909594588768,-0.005322285078656484,-0.011036569584035372,-0.4410218028776992,-0.1322669118052375,-0.17981667432786436
0.8000614643096924,0.019217573317057826,-0.05066583025973567,0.021086939347210565,0.1791488023686754,-0.046677853679517635,0.12490660711279489,0.046728391467213255,0.014164297082213385,0.09589823298270288,-0.11631246856913824,0.13297027332557812,0.13255898858436066
0.9896590709686279,0.04055875301614162,-0.009583095540879112,0.07204408121359274,-0.8080021490114259,0.6760876944210894,-0.07198478771714226,0.015616231096589332,0.01931986132721506,0.12355213033419075,0.8480159964881214,-0.6509151937534909,-0.04946743631700587
1.0201995372772217,0.005275734666627209,-0.016203693473211992,0.026275171795993403,0.021326266046449605,-0.05750526135771172,-0.019857719775796916,0.040148604841692824,0.004458683349045547,0.07849658904420066,-0.0035188955455000004,0.07215517287173234,-0.029408018743921033
1.0468025207519531,0.018985490467932374,0.0039453601530011935,0.047317594968566384,0.3221534245194743,-0.20489584878827458,-0.09836020168689022,0.020247791156328472,-0.01549594737870498,0.004145614004756895,-0.3217103786453778,0.1955795359035281,-0.09783918969852141
1.0747921466827393,0.021375078040211798,0.021015872679564333,0.09275003849157967,-0.3920933819767251,0.28868260564933834,-0.15851218080062693,0.010008531644771244,-0.022863273953930684,-0.019938921838455907,0.3807288450245963,-0.2850093723891548,-0.16858073785648311
1.104161262512207,-0.0025207529008625627,0.04906663585096746,0.12256150883195074,-0.24369762632192732,0.14117807866688187,0.030456425242231105,0.026326071035070623,-0.05380124547601044,-0.07931699497261474,0.258752003809622,-0.16985582611602842,0.02594117597326215
1.134596586227417,-0.005704338936684981,0.013706170586694738,0.010153911267945154,0.28538828816630396,-0.13814666083450744,0.09985473019346182,0.018906083239065126,-0.017529663385744354,-0.007842622181137168,-0.26302128230132177,0.17966870689037487,0.10568452036416463
1.1725797653198242,-0.0015907724798171303,0.006991709583584182,-0.015862828144291796,-0.2870605410333715,0.2391192088073838,0.10206135109284384,0.007786570282565856,0.0017304007004214465,0.05305859133835711,0.2971064470969223,-0.23376521615234366,0.09925869947311843
1.2137298583984375,-0.021951647707053355,-0.018638821476104687,-0.06956073981837631,-0.2849309744982555,0.19923051112001078,-0.02728495779823209,0.02288276309726124,0.028417203616755038,0.1022766406548497,0.27302979672082967,-0.17484501514740997,-0.030060164828615496
1.2497670650482178,-0.016645168854326462,0.008468338968511787,-0.012817907697405533,0.2524120275853409,-0.17802666554777957,-0.13605396472855041,0.020495441161332627,0.000955438107667881,0.012952581124637083,-0.27088005204321813,0.1453904473145194,-0.1351997635935565
1.2920403480529785,-0.008384091888236208,0.008396424195901898,0.018457590610171923,-0.2767221526161356,0.21484171553469777,-0.17034273811301065,0.01118219888766618,0.012183027691809761,0.01948298788395004,0.25296052472794256,-0.1974714602959603,-0.16989614058375302
1.3286590576171875,-0.0226791087817359,0.03239713175742044,0.07281875560147533,-0.2961167255704244,0.1869869415335716,-0.06148157188417204,0.02581623112027676,-0.011399946106256897,-0.03610502291831446,0.2910144046552887,-0.20708554710149676,-0.06946695545604666
1.3688831329345703,-0.02284679936467579,0.004640305171867663,-0.012870102544058099,0.26532283746225976,-0.13431142368615906,0.12000229733890143,0.021325128518512662,0.01425318791088517,0.01640341230321176,-0.2462358994779893,0.1634101741468734,0.1249105603025328
1.4029247760772705,-0.004564854659915171,0.027142970259262673,0.02603067717655566,-0.08031826214059268,0.0848721902846884,0.06077067418112497,0.004079514642498231,9.480110737727573e-05,0.005998416893250171,0.08999346518536044,-0.11006668208891399,0.0608557498951042
1.4401776790618896,-0.014436912319562697,0.0016136699913608978,-0.024652740203180583,-0.32428970856271877,0.24621080306408083,-0.0008804218494540272,0.010819984564545493,0.027192839486158752,0.07082771798987238,0.31970300836317755,-0.21410272883011977,-0.005243027014910737
1.4767444133758545,-0.011394067392413415,0.021937703529950368,0.020370892551521837,0.20288103502713972,-0.1428175159703643,-0.13981456391807306,0.012062757315609162,0.001634647554863429,-0.007989326206803885,-0.21647231509766707,0.11876152633269166,-0.13964427761657727
1.5164008140563965,0.007738397373242591,-0.005909529165575789,-0.03863348954770079,0.14642783163655015,-0.033974457187748816,0.030787498636902694,-0.010219544327950135,0.03385457401586445,0.05953631110705922,-0.1458602130865369,0.06960024959095135,0.03577604840395557
1.5521342754364014,0.010945564696726433,0.02381465907639536,0.04854328541688049,-0.38762893185263136,0.2636795966361695,-0.1274832130807328,-0.009833975632668959,0.008913801257936324,0.005594814725590334,0.3713588815857853,-0.2910773361444141,-0.1368862994878684
1.5898990631103516,0.0035521120262151824,0.01038813335568471,-0.01256060228242762,0.16276404245546383,-0.08858419218033947,0.1525497054333549,-0.005591537651278223,0.014843636969378095,0.029938938183798332,-0.14449796749599358,0.09689972653181106,0.15577587505469842
1.627697467803955,0.024229414381875498,0.03810621917275298,0.05133455153037148,0.15464129590937958,-0.07628859460721264,-0.11528565934195417,-0.021509061346257106,-0.010026308872942678,-0.03130394522310677,-0.16124887825711096,0.05447924166576506,-0.11559426484372887
1.664909839630127,0.019453390947095448,0.015566032040233078,0.006649267676422384,-0.3827024767543642,0.3048536608475585,0.05109887168662722,-0.02122696837219018,0.01767528121940733,0.046390364717236454,0.3857464908826058,-0.27352514970431907,0.04549687071378905
1.693528652191162,0.00769309538144048,0.004094351581244859,0.0020289289785702363,0.04877279683836483,-0.04052980584228244,-0.1933373924474124,-0.007712859498848321,0.020943533537863553,0.02090079166743504,-0.06836806352148456,0.05302451977784545,-0.18715199337866778
1.7230186462402344,0.01817872942662506,-0.015745224504492464,-0.05079531887549365,0.1840206406261804,-0.06970105477025895,0.09566631464613976,-0.02090660708703924,0.043089597955776465,0.06645344573385016,-0.17810041223588988,0.08680462301043708,0.0981649095003293
1.7518947124481201,0.019417938306919166,0.012083044713394584,0.0359358370807606,-0.3771831887081203,0.2603697227165889,-0.1546222009529666,-0.01809309145460974,0.02047240058616257,0.014339832852736413,0.3565879099935826,-0.2840398469442781,-0.16399388297449546
1.7811951637268066,-0.0069113265438416685,-0.022306154781208582,-0.030332962230321135,-0.2550646093805058,0.18040389920380243,-0.01714734391232084,0.004290131755021125,0.04966336964154319,0.06746295742823302,0.24742652481928826,-0.13959464949553546,-0.014160380730728839
1.812547206878662,-0.004092694008414173,0.007671990571233821,0.0255586497005098,0.23845936212091273,-0.1605341535172269,-0.06503204368792412,0.005872242513358831,0.015853321877525597,-0.021346002615126716,-0.24222093295373884,0.12611169838698383,-0.06540558711882127
1.8414740562438965,-0.0015484909082703461,0.0001289420273204167,-0.0003902771501523364,-0.2804774255069092,0.24143913607072334,0.11805742157771706,-1.7779822435621227e-05,0.031247092705054234,0.03884447276330891,0.2909430448866698,-0.22512893484116225,0.11306014727986904
1.8711986541748047,-0.017590449688131338,0.027833902458492776,0.06323274842739537,-0.29189403809732,0.17636495655084458,-0.1209485586245039,0.0194359549549516,0.0002954302672422589,-0.027240875918124588,0.28240031380021724,-0.20073961488432346,-0.127481754090886
1.9011130332946777,-0.018894774634141284,0.0030429700384147843,-0.01741104250863694,0.2654594034999977,-0.1370143596022416,0.09242145857445824,0.0172743227047937,0.021040635221550048,0.019483049906152447,-0.2517679582089305,0.1653946692143332,0.09765683521689147
1.9344027042388916,-0.010736296836597457,-0.0022013041073486953,0.005609031807227178,-0.2827898354705762,0.21911376250216022,-0.18215553392607306,0.010445858721727087,0.03379391456063545,0.034888381506442565,0.26044818143042514,-0.20094344703278633,-0.18111713617505218
1.9626610279083252,-0.028730993507000282,-0.023889771570800883,-0.043766945155350345,-0.28645334007931267,0.20436081751691842,0.05588572664067534,0.024899491838699918,0.05292616751320592,0.08118922591513919,0.282870750708765,-0.1858778718510128,0.05130432496285678
1.9908826351165771,-0.022044624332409134,0.004584029171129211,0.012243962468666159,0.25157162498957575,-0.1732442655712586,-0.10149992589494064,0.02330954789918085,0.01964075054597375,-0.007816302037630785,-0.26089930685151874,0.14139023540675777,-0.10082608994571748
2.0160536766052246,-0.011224649214383266,0.028974136145807038,0.05136224964306361,-0.2680553310836886,0.2098803117753515,0.08827673144939821,0.012189615454103768,0.0033868900910699364,-0.010530099938367751,0.27845004385369565,-0.2280523911843081,0.08601499242601146
2.0460031032562256,-0.02473670586562634,0.048047204429919166,0.09472106778299737,-0.293526915679416,0.1903687825081536,-0.13046648030522984,0.0276688812475131,-0.018577609304327464,-0.05612141933266001,0.2893952265723055,-0.19878938303923982,-0.13810566996956697
2.0783817768096924,-0.02437756992324985,0.016891728630944836,0.0010633985554959896,0.2655504268440365,-0.13285784018020158,0.09756623704588285,0.023006275832262228,0.008022618446318859,0.0033574368787826353,-0.24803020008659676,0.16727985935993395,0.10281701148489056
2.105722188949585,-0.01484274123308301,0.0017210035425169416,0.0008214757850988749,-0.27648970557540675,0.2208659133395674,-0.15249381040829285,0.013586119858323179,0.030574776122868397,0.0415504453360301,0.2579434683976009,-0.19572044901519042,-0.15038538550431493
2.1362481117248535,-0.031091029653827387,-0.021204066532573465,-0.049457080589572676,-0.288504680511947,0.2056235535955466,0.051206754039898716,0.026779994838494553,0.0507151629122606,0.08854598156053063,0.2834094574505055,-0.1882122275559125,0.0460240283599308
2.167484998703003,-0.023370887071074212,0.006083817121844234,0.005899850732605939,0.25078969058129197,-0.1745171285623662,-0.10589790486972869,0.024227435529499963,0.01826488199146757,-0.0003575240793491363,-0.26186469010164026,0.1412011026383415,-0.10527914109726955
2.219244956970215,-0.011438169483130383,0.03311104104478167,0.05352245893199648,-0.26849317994594213,0.20660507269607584,0.07136135835482121,0.012545734998767447,-0.000840587744230039,-0.012177907899189584,0.27650562526278977,-0.2287792270222722,0.06872603663529467
2.2567684650421143,-0.024572788979926437,0.05070229344197552,0.09486099705344551,-0.2938456233541824,0.19129033485356595,-0.12720828379850765,0.02747765392233415,-0.021578912228353772,-0.056166785244734,0.2899400487487655,-0.19880962268983834,-0.1349058379092205
2.290731191635132,-0.023998685318401883,0.01865739294580756,0.0003826428825867978,0.2652806885916257,-0.13249493488807218,0.0993502587964118,0.022582512487999865,0.005866397609441867,0.004016503853980086,-0.24761473088555858,0.16719151939984986,0.10469173674696447
2.3241915702819824,-0.014329208689232098,0.002593929045452272,-0.0010920426823368115,-0.2757748448662354,0.2207513886617083,-0.14989397422440495,0.012999350413168244,0.029347460869080893,0.043319913273198646,0.2573745040605236,-0.19525036253802172,-0.1477951752289997
2.354522705078125,-0.03047444814903081,-0.020572018499659547,-0.05103421525150829,-0.288728200184934,0.20544353314899375,0.05129118882574196,0.02614450005625022,0.04977669495051292,0.09004747780513567,0.2833842419697172,-0.18848887038202805,0.045999434044647625
2.3856608867645264,-0.022764778738420213,0.006523987528302352,0.0046137181067152574,0.25065134888141644,-0.17454002903409707,-0.10615282579044188,0.02362925200133753,0.017550629488116108,0.0008715771894019647,-0.2618859905945033,0.14111036136106409,-0.10548225680937659
2.416194438934326,-0.01084867125136601,0.03369566193690648,0.05318870615843721,-0.2683958927087317,0.20623926461629252,0.07012748660683712,0.012026637029792597,-0.00165842851922849,-0.011957693690553039,0.27618870038154814,-0.22882193523832667,0.0673474549621427
2.4486987590789795,-0.024046877542231365,0.05114551959380567,0.09461007301531318,-0.29380809652632545,0.19135854042944195,-0.12681516195370265,0.027016771668612084,-0.022195821389003462,-0.055974292834397796,0.2899552325063231,-0.19881015722018733,-0.13458059999953886
2.478053569793701,-0.023558477788523286,0.01897819713357648,0.00023084804855537377,0.2651766580393815,-0.1324563305412812,0.09949417964286314,0.022207236167316825,0.005399420857705235,0.004161634407299074,-0.2475944343320134,0.16714081155420638,0.10489405832700105
2.5057590007781982,-0.013971394435558216,0.002778210958250208,-0.001344472941144556,-0.27569667167516476,0.22079499048533202,-0.14951759212774132,0.012693920631373755,0.02905951823952841,0.04354437086462349,0.2573127447074491,-0.19517597182866944,-0.14749199512015154
2.5419728755950928,-0.0301842430403403,-0.02043112255634392,-0.051178862518995255,-0.2887546998046099,0.20546737188483652,0.05133675068222818,0.025905380502577034,0.049566326519694254,0.09019520748433166,0.2833502877501978,-0.18852841123210534,0.04595569813378464
2.5787906646728516,-0.022548823942342935,0.006608928067257679,0.004531924982224218,0.25069315340290343,-0.17456045047366556,-0.10626754493693907,0.02345078293692805,0.017404188217751165,0.0009877804772534804,-0.26187012802532,0.14112790768322392,-0.1055381495548082
2.6148102283477783,-0.010683887080370729,0.03376191500767577,0.05316476636662132,-0.2683543848305362,0.206176896833597,0.07010981410927025,0.011897361170706824,-0.0017644524403463493,-0.011936336226997891,0.2761648353190394,-0.22885264540708689,0.06723899438463321
2.651834726333618,-0.023925738724622163,0.05118210079121324,0.09460269229989499,-0.2937847891686159,0.1913890135344003,-0.12679838781840438,0.02692513914928484,-0.022252415797586404,-0.0559494818499315,0.28999048156352353,-0.1988017446034502,-0.13464615656055556
2.686363697052002,-0.023477359793001508,0.018993604847661757,0.0002571875320088318,0.26513769661161796,-0.13248043456252095,0.09951810085746846,0.02215191601176716,0.005359639874970859,0.00417141916638572,-0.2476383996088109,0.167138631955753,0.10497054472683065
2.721726417541504,-0.013916754144466302,0.00277308333572486,-0.0013709951492143046,-0.2756638941777883,0.22083631494940908,-0.14939835871185006,0.012657099203768432,0.029054298515745716,0.04356722687961977,0.25728728062785394,-0.1951267049295551,-0.1474571410294726
2.759047508239746,-0.03014712070386294,-0.02043316780393793,-0.051176230403074965,-0.2887783289845665,0.2054834079105564,0.05140417779577647,0.025883152331667283,0.04956876809093692,0.09020323551388837,0.2833360543686913,-0.18854951837122014,0.04593544432786936
2.8006432056427,-0.022535207925869095,0.0065905539177852045,0.004543079821950659,0.2507457772200444,-0.1745724485811593,-0.10635618920245757,0.02344093786232275,0.017413583025007943,0.0010081964663823384,-0.26184704272124076,0.14116024709276392,-0.10556664611887873
2.8398849964141846,-0.010675268617656216,0.03375872590011224,0.053206046337886094,-0.268311447708867,0.20611975026798526,0.07007090800431892,0.011894971595440887,-0.0017624379429575475,-0.011987034590048734,0.2761482394007199,-0.22887751980245302,0.06710809419689365
2.8761637210845947,-0.023921580616719465,0.051172287319004556,0.09463140231990178,-0.29376146307660195,0.19142305469464185,-0.12676446935077698,0.026925249405504767,-0.022234661184984336,-0.05596869725552565,0.2900334986945343,-0.198788811607582,-0.13469392514858305
2.9085469245910645,-0.023480841881392846,0.018978453488510585,0.00029844115288911455,0.2650947682692027,-0.13250046080858094,0.09953964768852644,0.022160350418298176,0.005370463230883738,0.004158968515674641,-0.2476755247907242,0.1671388875049295,0.10504516025674471
2.9392707347869873,-0.013921188317894035,0.0027445180587939953,-0.0014092322341446664,-0.27563718537163445,0.22088521627114735,-0.14924903404062304,0.012661964448137324,0.029086908792970094,0.04359620194650979,0.2572704908747079,-0.19507775503486613,-0.1473908841106915
2.972766637802124,-0.030148619446389895,-0.020447219161829178,-0.05118758233034058,-0.28880478857576397,0.2055080431835513,0.051463555692926904,0.025886600187968054,0.0495932634972362,0.0902202046064968,0.28332169460305895,-0.18857071738505035,0.04590680291808655
3.003077745437622,-0.022544729099414136,0.006568366963535306,0.004541560964348844,0.25079761460231165,-0.17458912485707315,-0.10644842914086289,0.023444850391131124,0.01743336803208327,0.001038114604605872,-0.2618256910601326,0.14119281605196363,-0.10559885908138242
3.0348060131073,-0.010678246278852261,0.033760808243376905,0.053244453703002445,-0.26826850425538196,0.20605719675048653,0.07001463479839892,0.011898205582606316,-0.0017616018812382818,-0.01203736501740086,0.276128453179533,-0.22890246812751522,0.0669590848108011
3.067688465118408,-0.02392139397753855,0.051170149540180246,0.09465611181852279,-0.29374132290182975,0.19145910555236323,-0.12672998574587885,0.02692538989214202,-0.022222051635987547,-0.05598532389344674,0.29007875372024294,-0.19877730140109406,-0.1347410240897424
3.097449541091919,-0.02348340397452801,0.018972416629011994,0.0003356410228120138,0.26505159117634447,-0.1325210616774839,0.09956374770850088,0.02216552270447116,0.005373437591727516,0.0041496281106829375,-0.2477127021685469,0.1671389836197989,0.10512245527231032
3.133633613586426,-0.013921796982198033,0.002723599233383122,-0.001456417890981659,-0.27561036045102794,0.22093500798564863,-0.14908809200695414,0.012661584338742113,0.029112403845780524,0.043633763188261565,0.25725370015382176,-0.1950287254725861,-0.14731246769313436
3.1663646697998047,-0.030144607454243855,-0.020453094527739375,-0.05120579649626148,-0.28883198354263734,0.2055339281725695,0.05152047461744075,0.02588413870439138,0.049609555922169576,0.09024383564413829,0.283306745419937,-0.18859289370094065,0.045875583342432275
3.1947028636932373,-0.02254811310774612,0.006554143869043419,0.004534805555690136,0.2508497332312876,-0.17460728534844755,-0.10654223614551075,0.02344284662674184,0.017444733623546614,0.001073251103908393,-0.2618056859839181,0.14122526964919965,-0.10563272029616833
3.2249200344085693,-0.010675108265482269,0.0337705557485953,0.053279262307502254,-0.2682256091383562,0.20599385721022873,0.06995742885078604,0.011895947727025425,-0.0017691038522041382,-0.012084090357585764,0.2761080250510493,-0.22892782569564232,0.0668091285736575
3.2546026706695557,-0.023915576271807435,0.05117483224300824,0.09467795144402594,-0.29372174937604173,0.19149522217717985,-0.12669628269658842,0.026920720485686854,-0.022217024898754174,-0.05599904866109536,0.2901239323341102,-0.19876633201094074,-0.1347889377078083
3.291771650314331,-0.023481036010990598,0.01897241558153869,0.00037064854188166574,0.26500865342686325,-0.13254218437223453,0.0995883230974971,0.02216665521463416,0.005369571589721116,0.0041424672086747966,-0.2477504234570645,0.16713889510811064,0.10520022862340225
3.325667381286621,-0.013918243249828995,0.002707969743764197,-0.0015050786912811694,-0.27558339597741416,0.22098436650111764,-0.14892758015477983,0.012657936976130876,0.029131829618958258,0.043672773117278324,0.25723631975917133,-0.19497985272278195,-0.1472344775956775
3.360225200653076,-0.030137215436569675,-0.020454511551697717,-0.05122519464403213,-0.28885927718102566,0.20555936624539953,0.0515776446450375,0.025879109257226893,0.04962066721029483,0.09026866424822177,0.2832917715854797,-0.18861540737515864,0.04584462249177648
3.395869016647339,-0.022548844780250186,0.006543578569906665,0.004526987781788977,0.25090193171384756,-0.1746254847718883,-0.10663609039716454,0.02343890725723853,0.0174517992655501,0.001109444261275086,-0.26178592624373254,0.14125770674252874,-0.10566663468488235
3.4327142238616943,-0.010669984559711314,0.03378301958215499,0.05331251711002411,-0.2681828290718309,0.2059308192931714,0.06990153122978873,0.011892275535099837,-0.0017798676106679963,-0.012129228803689395,0.27608778490613095,-0.22895335091005353,0.06666056520330152
3.4680941104888916,-0.02390829990728767,0.05118170576012175,0.09469858185328496,-0.2937022098214854,0.1915311931152944,-0.1266629256837972,0.026915088353842754,-0.02221465789559818,-0.05601154174083024,0.2901688765947255,-0.19875545537894015,-0.13483722517432076
3.501600742340088,-0.023477622991780803,0.018974199274878735,0.0004047613247359916,0.26496578103272295,-0.13256351383757034,0.09961291121806115,0.022167156079437002,0.005363529032356946,0.004136237004438485,-0.2477883508629914,0.16713870735298583,0.1052780051407319
3.5360589027404785,-0.013913968874482506,0.0026940215789260924,-0.00155372497357775,-0.2755565182535259,0.22103341353209935,-0.14876854872346995,0.012653941827851673,0.029149239361947087,0.04371178147055925,0.2572186630936803,-0.19493112215550426,-0.1471580157841282
3.5685651302337646,-0.030129376148072953,-0.020454624534447546,-0.05124461112186624,-0.28888662052472347,0.2055844540522843,0.05163523874572504,0.025873901386799614,0.04963020071461066,0.09029355488011832,0.28327692415503397,-0.18863805717384632,0.04581410133571376
3.5969080924987793,-0.02254932605464777,0.0065339946594900125,0.0045190767268860135,0.2509541458361838,-0.1746435552099321,-0.1067298400084492,0.023434918972199573,0.01745766987404966,0.0011457613351408408,-0.2617661817199996,0.14129020533934447,-0.10570043498586057
3.6271464824676514,-0.0106647767281863,0.03379601862605362,0.05334516927923641,-0.26814014520292806,0.20586812070450092,0.069846624978708,0.011888633506024565,-0.0017913250478673176,-0.012173710397182487,0.2760678209185035,-0.22897894228467072,0.06651306490663769
3.6586437225341797,-0.02390102446840367,0.05118896606938335,0.09471876235832515,-0.2936826990903778,0.1915671163922355,-0.12662980567380397,0.02690955085192264,-0.022212805085050975,-0.056023547666031535,0.290213709280329,-0.19874458957277824,-0.13488576967346272
3.687835454940796,-0.02347424943221165,0.01897628871801587,0.00043857748749831504,0.264922950803248,-0.13258495584752905,0.09963751581912625,0.022167768825225108,0.005357082480089891,0.0041303481314018745,-0.24782636389460205,0.16713848112483304,0.1053557900894288
3.7215662002563477,-0.01390975607585445,0.0026804826160009357,-0.0016020892923486203,-0.2755297515847377,0.22108228062080199,-0.14861055741762166,0.012650087984131971,0.029166154583092224,0.04375052566806595,0.25720086338706377,-0.19488249085144438,-0.147082624119717
3.757167100906372,-0.03012162217307392,-0.020454434358344285,-0.05126381343721457,-0.2889140145116093,0.20560933330275086,0.0516931469466147,0.02586881737559158,0.049639364097303185,0.09031826134618681,0.28326223007916007,-0.18866081006338098,0.04578390336480159
3.7847511768341064,-0.022549896675892876,0.0065246134199025,0.004511284120380661,0.2510063930818452,-0.17466152071485266,-0.10682353536078604,0.02343104254727104,0.017463289041731223,0.0011819759278848263,-0.261746444227243,0.14132280149793253,-0.10573417080100717
3.816235065460205,-0.010659678550510417,0.03380898309172519,0.053377466666679016,-0.26809754111237966,0.20580573527905013,0.0697925638895987,0.011885083066894961,-0.001802775327786034,-0.012217806180016432,0.2760481314276325,-0.2290045753271629,0.06636647578211241
3.8440277576446533,-0.023893843106451373,0.0511961756016151,0.09473868358830398,-0.29366323589992416,0.19160303460918454,-0.12659694006887315,0.026904101286623593,-0.022210924318453586,-0.05603528122057542,0.29025847682311456,-0.19873372779830673,-0.1349345875048874
3.8745906352996826,-0.02347094056970022,0.018978355493335944,0.0004722443484430766,0.2648801768047546,-0.1326065004039228,0.09966215928540184,0.02216844545963049,0.005350641725286896,0.004124626426044081,-0.24786444896033777,0.16713823764263258,0.10543360614318387
3.903630018234253,-0.013905586954351708,0.0026670862711864335,-0.0016501230151090688,-0.27550308385643507,0.2211309957404769,-0.14845346647169305,0.01264630182140456,0.029182906172997916,0.04378893324843775,0.2571829402826211,-0.19483394268281756,-0.14700815676197032
3.932661294937134,-0.030113908244615205,-0.02045413260660868,-0.05128276132529123,-0.288941457652732,0.20563403328189941,0.05175133783931593,0.025863774734339547,0.049648398865590894,0.09034272010870062,0.2832476926386935,-0.1886836628670144,0.04575399520499096
3.9616572856903076,-0.022550497810322322,0.006515299094476817,0.004503642300929665,0.2510586839041667,-0.17467939040896055,-0.1069171946629289,0.023427194843150933,0.01746883008808086,0.0012180356499054967,-0.2617267203520592,0.14135550442973674,-0.10576786054939377
3.993051767349243,-0.010654626786535426,0.033821818811513374,0.053409429642145095,-0.26805501477376587,0.205743662852683,0.06973935540508525,0.011881545807872203,-0.0018140955313414135,-0.0122615536142044,0.2760287175323732,-0.2290302475526659,0.0662208056386944
4.020462989807129,-0.023886694636147343,0.05120327165393043,0.09475835992804824,-0.2936438223817781,0.1916389521228673,-0.12656434316608425,0.026898670010771928,-0.02220893107766766,-0.056046771222409864,0.290303183456421,-0.19872287015936774,-0.1349836933016475
4.048093557357788,-0.023467640764020855,0.018980361368201373,0.0005057727540083157,0.2648374652240244,-0.1326281498118818,0.09968684440328549,0.022169126435811193,0.005344261292307667,0.004119048450922411,-0.2479026094044749,0.16713798035329314,0.10551145589692998
4.076680898666382,-0.013901413082151062,0.00265381038458393,-0.0016978216947130288,-0.2754765109708426,0.2211795602139311,-0.1482972698423901,0.012642533835387711,0.02919952856977554,0.04382698976307095,0.2571648936821424,-0.19478547552404457,-0.14693460727548854
4.10723352432251,-0.030106193780329284,-0.020453729278109834,-0.05130145228086261,-0.28896894889952496,0.20565855461690563,0.05180980928979134,0.02585873381087156,0.049657324149542825,0.09036692077018482,0.2832333112323312,-0.18870661539938718,0.045724374516405514
4.137605905532837,-0.022551096632974568,0.006506049637119919,0.004496151616427899,0.25111102031509447,-0.17469716492738696,-0.10701081946395452,0.02342334500663699,0.01747430176749306,0.0012539339811592914,-0.2617070120295185,0.14138831515622283,-0.10580150574453212
4.1661036014556885,-0.010649595952940082,0.03383452568723774,0.05344104869154537,-0.26801256797202844,0.20568190633743533,0.06968701748734324,0.011877998229715843,-0.001825280513533943,-0.012304947447173796,0.27600958065107317,-0.22905595998802766,0.06607607301486321
4.194224834442139,-0.02387955976602569,0.05121025836494182,0.09477778380494081,-0.2936244580277263,0.19167486744082673,-0.1265320197953176,0.026893240047728702,-0.022206825935890462,-0.056058013350741655,0.29034782772550005,-0.19871201688922485,-0.1350330921185118
4.22301173210144,-0.023464335809124853,0.018982313234570253,0.0005391569539405228,0.26479481727457677,-0.13264990569177776,0.09971156998662173,0.022169799876224,0.00533793679669459,0.004113617502634129,-0.24794084712038789,0.16713770907151687,0.10558933812526886
4.250185489654541,-0.013897224415970268,0.0026406631394331574,-0.001745189845403736,-0.275450032901433,0.22122797454420068,-0.14814196866117066,0.012638776169628264,0.029216015328679772,0.04386469808878154,0.25714672441497577,-0.19473708982340804,-0.146861976758385
4.281217336654663,-0.030098472031339685,-0.020453215896587593,-0.05131988995800818,-0.2889964883732339,0.20568289753070138,0.051868560648482664,0.02585368989194095,0.04966613261842451,0.09039086575737895,0.2832190850503691,-0.18872966792760992,0.04569504050906251
4.311913013458252,-0.022551688897328268,0.0064968732240754945,0.0044888090135543,0.2511634024167655,-0.17471484490693198,-0.10710440999339974,0.02341949055494239,0.01747969660094869,0.0012896732200939898,-0.2616873201535249,0.14142123360100062,-0.10583510652256597
4.340203523635864,-0.010644583718392287,0.03384711035212235,0.053472318811396614,-0.267970202299348,0.20562046600844333,0.06963555555574577,0.011874439357221905,-0.0018363364896876212,-0.012347983038685941,0.27599072057863194,-0.22908171358367296,0.06593228332060627
4.371977090835571,-0.023872437525160647,0.05121714188636846,0.09479695134512807,-0.2936051430635156,0.19171078018235949,-0.1264999715815291,0.026887811510360626,-0.022204614888768022,-0.05606900391508537,0.29039240944195777,-0.1987011682802001,-0.13508278564438023
4.401894807815552,-0.02346102560992897,0.01898421672267738,0.0005723941586666947,0.2647522332159342,-0.13267176874594128,0.09973633568282272,0.02217046654989922,0.0053316625926768495,0.004108336279902335,-0.24797916252629848,0.16713742351228936,0.10566725254033726
4.432835340499878,-0.013893021505568075,0.002627648210728896,-0.0017922328922000885,-0.27542364991982415,0.22127624052326522,-0.1479875564272801,0.012635029880856618,0.02923236271904567,0.04390206383239221,0.25712843444241196,-0.19468878578565743,-0.14679025837223675
4.464014053344727,-0.030090743787661047,-0.02045258907109704,-0.05133807812408177,-0.289024076571153,0.2057070638037072,0.05192758981284537,0.025848644339896774,0.0496748207612532,0.09041455884091273,0.2832050134289727,-0.18875282086893067,0.04566599082958242
4.4956724643707275,-0.02255227547685752,0.006487772804960396,0.004481612015559855,0.25121583029520606,-0.1747324315448364,-0.10719796729368339,0.023415632865113428,0.017485011409993978,0.0013252560092144872,-0.2616676457073936,0.14145425983881163,-0.10586866383768537
4.524300813674927,-0.010639590931953193,0.03385957530316919,0.053503238198708156,-0.26792791897013396,0.20555934106370397,0.0695849702455511,0.011870870467914386,-0.001847266207609343,-0.012390658444369736,0.2759721364668744,-0.2291075090539396,0.06578943697552261
4.556234359741211,-0.023865328777458776,0.0512239242624319,0.09481586124019814,-0.2935858780379204,0.19174669068218989,-0.12646819969224013,0.026882385533088506,-0.022202300240517742,-0.056079741448551865,0.29043692911155194,-0.19869032462363145,-0.13513277506964055
4.586018800735474,-0.02345771096879434,0.018986073594360234,0.0006054836658334478,0.2647097133631941,-0.13269373941069398,0.09976114167977279,0.022171127445840766,0.005325436646424937,0.004103205573265975,-0.24801755568731532,0.16713712359655203,0.10574519941119295
4.613622665405273,-0.013888805163940985,0.0026147653614474846,-0.0018389556109449177,-0.2753973620476186,0.22132436031457817,-0.14783402421370884,0.012631295680583408,0.02924857080624466,0.0439390920476481,0.25711002591977294,-0.19464056333809304,-0.14671944275710477
4.643834829330444,-0.030083009653152443,-0.020451848769532863,-0.051356019855868434,-0.289051713987832,0.20573105562846367,0.05198689425460515,0.02584359786975015,0.049683388403095725,0.090438003119693,0.2831910957894575,-0.1887760746302705,0.04563722266185824
4.672239065170288,-0.022552856798085934,0.006478748469254295,0.004474558829136235,0.2512683041627919,-0.17474992612925344,-0.10729149269549168,0.0234117725155433,0.017490245901305802,0.0013606842875762831,-0.2616479897206085,0.14148739408242653,-0.10590217893688805
4.703168153762817,-0.01063461785400145,0.03387192074272957,0.0535338059252043,-0.26788571908179326,0.20549853060646212,0.06953526167489954,0.011867291997269548,-0.0018580700565517076,-0.012432972655455577,0.2759538274166747,-0.22913334701966567,0.06564753385978553
4.735039949417114,-0.023858233761909143,0.051230605619051114,0.09483451290887887,-0.29356666350213345,0.19178259941169168,-0.1264367053570511,0.026876962430892187,-0.02219988228363614,-0.05609022528301986,0.29048138735521517,-0.19867948616565562,-0.13518306164825777
4.766758918762207,-0.02345439208587161,0.018987884042048347,0.0006384253875820062,0.26466725811983816,-0.13271581808180682,0.09978598824543414,0.022171782805107693,0.005319258600619558,0.004098225477560315,-0.24805602664090004,0.1671368093367206,0.10582317908177807
4.806348562240601,-0.013884575654489787,0.002602013079803664,-0.0018853622815024726,-0.27537116920353033,0.22137233608917956,-0.14768136303875648,0.012627573620684071,0.029264641043943673,0.04397578721013687,0.25709150097608263,-0.1945924223230529,-0.14664952050100627
4.842609882354736,-0.030075269753051123,-0.020450995977456577,-0.051373717819779945,-0.28907940107362023,0.2057548751949694,0.05204647145046859,0.025838550633712473,0.049691836501341645,0.09046120121397952,0.28317733159005454,-0.18879942957855636,0.045608733190621836
4.877611398696899,-0.02255343288683597,0.006469799500629439,0.004467647984153313,0.2513208242754931,-0.17476732990945196,-0.10738498754356954,0.023407909621272927,0.017495400698036352,0.0013959596057985385,-0.2616283532030428,0.14152063659432837,-0.10593565308299685
4.914631128311157,-0.010629664422811129,0.03388414621405016,0.053564021242955784,-0.2678436037108774,0.2054380337933003,0.06948643010750785,0.011863704006867228,-0.00186874766079596,-0.012474924896061288,0.2759357925666942,-0.22915922807062736,0.06550657400227256
4.945918083190918,-0.023851152464186013,0.051237185577842,0.09485290592119214,-0.2935474999702816,0.19181850683679197,-0.12640548983840194,0.026871542227156514,-0.022197360710123196,-0.05610045494790264,0.29052578478547214,-0.19866865311804444,-0.13523364667259505
4.974247694015503,-0.023451068966659414,0.018989647879248797,0.0006712193623394092,0.264624867914531,-0.13273800515262746,0.09981087562640892,0.022172432646450434,0.005313128564445588,0.004093395925024092,-0.2480945754276615,0.16713648077161203,0.10590119187079974
5.003218412399292,-0.013880333093361128,0.0025893896139181256,-0.0019314569751885955,-0.27534507128916785,0.22142016997730646,-0.1475295641519797,0.012623863590867021,0.029280575201743084,0.044012153553689926,0.2570728617049172,-0.19454436256643542,-0.14658048243701574
5.030051946640015,-0.030067524109188504,-0.02045003185765835,-0.05139117452953325,-0.2891071382581523,0.20577852464550403,0.052106318924860534,0.025833502665056327,0.04970016625707215,0.09048415557080652,0.2831637203049465,-0.18882288605698777,0.045580519649184914
5.058477878570557,-0.022554003699220587,0.006460925056258272,0.004460878115862786,0.2513733908953674,-0.17478464410429165,-0.1074784531589636,0.02340404421520953,0.017500476608538734,0.0014310833907561632,-0.26160873714276867,0.1415539876511494,-0.105969087516781
5.0867791175842285,-0.010624730533831936,0.033896251163718506,0.053593883456886024,-0.26780157392749576,0.20537784979892185,0.06943847584366364,0.011860106503887736,-0.0018792984969635343,-0.012516514455693082,0.27591803106738266,-0.2291851527840973,0.06536655746612616
5.120990991592407,-0.023844084845678938,0.051243663697895306,0.09487103988464651,-0.2935283879363662,0.19185441341174544,-0.12637455438536038,0.02686612491128449,-0.0221947351065796,-0.05611043001935219,0.2905701220044291,-0.19865782567449677,-0.13528453142522143
5.161919593811035,-0.02344774160476228,0.018991364880203393,0.0007038656531666299,0.2645825431772903,-0.13276030101543226,0.099835804053347,0.022173076969586297,0.005307046723288755,0.004088716820087802,-0.24813320208445544,0.16713613794706803,0.10597923807972714
5.196700096130371,-0.013876077591849187,0.0025768932167270636,-0.0019772436774600317,-0.275319068205835,0.22146786407460287,-0.14737861895491372,0.012620165474228541,0.02929637507398898,0.044048195222404954,0.25705411017034074,-0.19449638389044724,-0.14651231956004146
5.231480121612549,-0.03005977274615071,-0.020448957564799388,-0.05140839244267281,-0.28913492596307516,0.20580200608587645,0.052166434234415165,0.02582845399499331,0.04970837888780266,0.09050686858351509,0.2831502614176753,-0.18884644439794845,0.04555257930365578
5.265987396240234,-0.0225545691979687,0.0064521243049182435,0.004454247892799877,0.25142600428296497,-0.1748018699155482,-0.1075718908459106,0.02340017633294188,0.01750547445045239,0.0014660570373999648,-0.2615891425132463,0.14158744753417368,-0.10600248346387103
5.303696870803833,-0.010619816090958498,0.03390823505717168,0.053623391907147606,-0.2677596307950097,0.20531797779485328,0.06939139914659403,0.011856499501332088,-0.001889722043404627,-0.012557740657802617,0.2759005420651347,-0.2292111217301936,0.06522748427224093
5.333517789840698,-0.023837030876888377,0.05125003955754232,0.09488891442835504,-0.2935093278833729,0.19189031958565836,-0.12634390022146358,0.026860710478585206,-0.022192005064884446,-0.05612015009294652,0.29061439960921764,-0.19864700401810992,-0.13533571716562773
5.367971897125244,-0.023444410002365624,0.018993034835873182,0.0007363643341834064,0.2645402843354765,-0.13278270606005269,0.09986077374998392,0.022173715780519323,0.005301013257904826,0.0040841880615217,-0.24817190664194655,0.1671357809115419,0.10605731800286872
5.403665781021118,-0.013871809267681215,0.002564522176081923,-0.002022726316904138,-0.2752931598547219,0.22151542044683,-0.14722851895902253,0.012616479161270785,0.029312042428994472,0.0440839163064327,0.25703524840814373,-0.19444848611521415,-0.14644502298258394
5.434886932373047,-0.030052015695441137,-0.020447774226806843,-0.051425373981080554,-0.2891627646051581,0.20582532159157657,0.052226814961733925,0.025823404659375562,0.049716475591680555,0.09052934261691056,0.28313695441985864,-0.18887010492784473,0.04552490944661869
5.464382886886597,-0.02255512935199617,0.006443396436982107,0.0044477560029529545,0.251478664696835,-0.17481900853107207,-0.10766530189548187,0.023396306014393922,0.01751039502631098,0.001500881926013456,-0.2615695702761276,0.14162101652707282,-0.10603584213816036
5.494701147079468,-0.01061492100307312,0.03392009738467215,0.05365254596467379,-0.26771777537008323,0.20525841694687114,0.06934520023355922,0.01185288301652258,-0.0019000177980445891,-0.012598602853348954,0.27588332469986154,-0.22923713547388475,0.06508935439040195
5.526423931121826,-0.023829990532544504,0.05125631275543793,0.09490652920027057,-0.2934903202854111,0.19192622580485458,-0.12631352854494682,0.026855298926873557,-0.02218917019283159,-0.05612961477972515,0.2906586181931811,-0.19863618832386282,-0.1353872051300278
5.55869722366333,-0.02344107416488649,0.018994657552017964,0.0007687154892581094,0.2644980918138734,-0.13280522067323752,0.09988578493557662,0.022174349087273733,0.005295028338618533,0.004079809544112779,-0.2482106891248796,0.16713540971495916,0.1061354319301765
5.588788270950317,-0.013867837251639079,0.002552003950545542,-0.00206875643579451,-0.2752597886031033,0.2215582467163515,-0.14707803178021225,0.01261310672427125,0.029327323239593108,0.04411851997748922,0.2570087686203782,-0.1943960176279964,-0.14637966059917906
5.617967844009399,-0.030044178994117432,-0.020446734368723317,-0.05144208021968099,-0.2891920715157767,0.20584273308715012,0.052287093884854724,0.025818260049343057,0.04972432984984615,0.09055128688425894,0.28312535798326655,-0.1888952682699543,0.04549782672756067
5.647054433822632,-0.02255562336518717,0.006434649571667908,0.004441091925402603,0.25152929478638614,-0.17483315973190777,-0.107759207279152,0.023392388013052993,0.017515197186674845,0.001535487357395865,-0.26154821176496923,0.14165374392623553,-0.10606943093151106
5.677395343780518,-0.01214065240273622,0.025194879086655686,0.07267058513093241,-0.2569278001452831,-0.2513007948572864,0.06919708668771829,0.011849373742814114,-0.001911998121696696,-0.01264374225338428,0.27586539927234566,-0.22926306255913365,0.06494315484354024
5.708777189254761,-0.023202250246918972,0.05320488637959589,0.08544337502598867,-0.30747053240074906,0.31062848114007113,-0.12611828969644073,0.026849852667178393,-0.022187831006795566,-0.05614219755207908,0.290702273816202,-0.19862467728467145,-0.13543399421484473
5.742843389511108,-0.02304308201351897,0.04555581351230206,0.08029062022852203,0.2046440809039467,-0.06023983493708562,-0.17177367194617557,0.026637298965322128,-0.02054776955625261,-0.07856840286977185,-0.20890143566442165,0.14143457231281678,-0.16517995939492697
5.780471563339233,-0.007887718424281211,0.0116703975259584,0.036297561286020366,0.037882679690805054,-0.09025661442176977,-0.05076751696242776,0.007367101815437312,0.015304984762379844,-0.008774403036483039,-0.032247474761720046,0.004053441044341882,-0.044586950860560665
5.817390441894531,-0.009241804158330237,0.02407490150278265,0.09444884009548257,-0.3355351246167196,-0.1274267289744969,-0.07804291652899607,0.009238383864704674,0.0013501051402257432,-0.03482663750594688,0.33814783996097497,-0.25744097155414203,-0.09061545644188129
5.852641582489014,-0.009456702058837895,0.02642147719699823,0.06173568791494894,0.15776491267476767,-0.007903647981400752,-0.14056088733750888,0.011837634391755114,0.00024969013979430146,-0.05674777876457463,-0.1738811752343461,0.11745369825653196,-0.1357219728168231
5.889120817184448,0.009321399694642225,0.030139439824277633,0.08125664688773532,0.127261426533451,-0.012121194479575933,-0.09473617972518789,-0.007136153537841142,-0.0008451986486386663,-0.0661694132364875,-0.12463234910057325,0.045442984668101066,-0.09352624198817795
5.9263176918029785,0.013215330955983175,0.02538177580489123,0.06784780055402628,-0.17659971508658692,-0.06670654965377809,0.17388021288071892,-0.015596891472700344,0.002460348508713824,-0.019073664336137088,0.20914839062653862,-0.16705939256803715,0.1699234768723265
5.971343994140625,0.016943295095807474,0.03271826677492695,0.06036351862303661,0.1053268339713733,0.024341619234974868,-0.16452961159569812,-0.015603077615742008,-0.0038033122408050596,-0.044837385553025286,-0.11947410626448934,0.06632944501845292,-0.16342658727703357
6.010761260986328,0.029517261774439855,0.03096904628167721,0.07237271358105044,0.09046308472451534,0.019961315235311333,-0.15292194109200719,-0.028046757120562767,-0.001042022601238252,-0.05072849931549452,-0.09745238474355009,0.03621722250353944,-0.15074178332488333
6.045912265777588,0.032173415179123366,0.02152769458747488,0.050283147507353215,-0.12916897285639423,0.14608527824040493,0.03281667030365107,-0.03352037680594799,0.011093690919885832,-0.010727867583540933,0.13855671695778554,-0.11883471853773898,0.03031299612772892
6.076392412185669,0.030199872525423742,0.00905439271729021,0.04033940663122314,0.045114858273010094,-0.0071624221255176534,-0.16451167447700588,-0.030802275023649395,0.019327108586850626,-0.011825244391435192,-0.056403249663235816,0.03160942329648857,-0.16063523398499688
6.105453252792358,0.039784949135511415,0.029765974216009128,0.0763669530619136,0.10895710169379469,-0.04564463716157792,-0.028055463026023936,-0.03895337388664259,-0.0006676637493052071,-0.05175952005693957,-0.10353483656758274,0.024310797831564184,-0.03055972300017426
6.136312007904053,0.03200561120361732,0.02915864061919758,0.11843730506762906,-0.3441105543490522,-0.10325712014915545,-0.11263349789743606,-0.032162114225616364,-0.0033900846064534263,-0.052852063310826994,0.34784192694663046,-0.25461443094540603,-0.12129651797702716
6.168779611587524,0.00891529186959179,0.05990869675128264,0.12204225478834806,-0.26434780370352917,0.25058592090077053,0.02849081523612794,-0.007719441675794969,-0.030790739787829677,-0.0931014778651651,0.27119258720516376,-0.18372493801180162,0.022130249487227124
6.199207782745361,0.0016903542806584277,0.04652595643357971,0.09595613351611805,0.18872946985749228,-0.053690197581982624,-0.1656539618517922,-0.0007411345204264546,-0.02243291476300581,-0.09435186575941978,-0.18906602160759872,0.12832350041412066,-0.15999325537768305
6.230166912078857,0.007705833946665523,0.008777667512697887,0.040683965409971413,0.0005326542254514288,-0.08614016621827747,-0.053430983301074125,-0.01117881392013479,0.016932990335408016,-0.012857093129617483,0.005402751579348719,-0.018499972381241847,-0.04798883450995316
6.259176969528198,-0.00034551343219339,0.020752698169388663,0.08868163703154633,-0.32581690607534586,-0.11483939574711016,-0.06738774658223529,-0.0023414322116984583,0.003696809258468294,-0.03422549990357866,0.3280591582795052,-0.24878868688894995,-0.07955831492165007
6.295338869094849,-0.0043059562306115426,0.021492337456520894,0.051451331659969214,0.1574591837521505,0.021675693009260505,-0.14872013412729115,0.00428408466018237,0.004989445401505208,-0.05057554432167814,-0.17594925384981314,0.11852359365681608,-0.14351649479375775
6.326467752456665,0.011859789888374307,0.02783060208882007,0.07318077740714034,0.12689404014802502,0.020210774029679142,-0.0821324153968861,-0.011652263936998059,0.0018473779222621983,-0.06127048270229757,-0.1241956565269903,0.04189480433570324,-0.08174230886762954
6.355302095413208,0.01748771344413768,0.014692893461128283,0.055857991449138,-0.10245273939241711,-0.020952578691906212,0.036558630318478516,-0.020275134094324673,0.015035399614471852,-0.014401541953797774,0.1183719238211153,-0.10614709694660628,0.034325367435067866
6.387334585189819,0.023206842704431515,0.03182266381031286,0.07103475689624653,0.09217216442137144,0.0031707627056163055,-0.07700165036982741,-0.022918171892776056,-0.001535300731359426,-0.04964307006892935,-0.0949267993014822,0.03593945793853538,-0.07844045319423154
6.428280591964722,0.03353959990518815,0.027258452607771037,0.07616938397517621,0.08057312195428278,0.005503787026914331,-0.1632460172791269,-0.032720547978539405,0.0033411033217262487,-0.050118761949898054,-0.0883924182594376,0.03719002147830527,-0.15992845507977907
6.4607203006744385,0.024011776975768232,-0.002133690742711653,0.029133854156156297,-0.32121263734032734,-0.06669396468386941,0.15504569988789257,-0.029722222571299084,0.029755114115197285,0.03492800348671846,0.3456285700026664,-0.24606610967677509,0.1474268123483148
6.49121618270874,0.010520711798129303,0.0016845357805733729,-0.006884698240362343,-0.09205393930099387,0.15084816526291628,-0.0322647030897707,-0.013622871844795777,0.02858586378942367,0.031059964667205127,0.07915455286039674,-0.05923059461832603,-0.03243890934747362
6.51996636390686,0.013910459008129721,0.0068609501712084495,0.021221475520305514,0.14101745245157507,-0.0330717823067854,-0.1973446597847121,-0.014245712148513261,0.020815239852613042,-0.009440484640894961,-0.15909098621414022,0.082957038107041,-0.19352041021323985
6.5518879890441895,0.01860595040725293,-0.016341117157666722,0.0012664772231599161,-0.051967093905233824,-0.06622005452254331,-0.0656513728095306,-0.021417650325867246,0.04392997132889833,0.034734584737585644,0.04781095885738701,-0.05050716573283903,-0.06177129669022399
6.580803394317627,0.010409975574590955,0.012858136114381948,0.054524950190310596,-0.3279604257779486,0.2690212978651633,-0.06884738847481378,-0.009918979094179308,0.019736450878698214,-0.014433838557736174,0.316929315005394,-0.24158476749457694,-0.08076585813687756
6.611488103866577,0.004127993834059731,0.01568136363658084,0.062387250790687854,0.16266840431557733,-0.07635675680625131,-0.13246954209952802,-0.002392865021810583,0.009962793073350006,-0.05202559961510982,-0.16727486355146315,0.10745160121319366,-0.1286927504708893
6.643320322036743,0.018277656627841192,0.0019855255591494144,0.007867274244758353,0.17609184595723534,-0.08762393612636557,0.19076087279565854,-0.020394312642754573,0.02596280755563729,0.008618038961877024,-0.15121442088264953,0.06574967311881623,0.19343619341005636
6.6773340702056885,0.013442051966926147,-0.020818563102207296,-0.00536725053846022,-0.3719762396471066,-0.15385254879049637,0.04196518532183108,-0.018821169372910458,0.04627614653069719,0.07407390080456425,0.3823926232158253,-0.27918633721182956,0.032354414512622554
6.712207794189453,0.009139284913708925,0.01089369704008631,-0.014526640706600162,0.11846915846684258,0.026597299245826267,0.034602527086901765,-0.009971719679527355,0.01714851497188596,0.022702525971825392,-0.12793380180623054,0.06914337000254628,0.03759856584675489
6.740692853927612,0.02280833164759078,0.02128303215690986,0.03144897289871159,0.10729244388676913,0.023828281078583022,-0.23152508416157147,-0.020469026503196385,0.008561670682249207,-0.016564961059759596,-0.12836998510450995,0.05113481431648506,-0.2282461675170732
6.770579099655151,0.027394508757188126,0.019118263505673805,0.030018165928427237,-0.1050395784479576,0.13890512562117657,0.004509544635900642,-0.02701546066719225,0.013640806352887485,0.004564199147279652,0.1086296346888456,-0.10328573437862931,0.001886936652167187
6.7986133098602295,0.022005375774581625,0.0013235585761023072,0.011724056298929638,-0.08248126892539569,0.08627718168292889,-0.11905827325183589,-0.022101884971272644,0.02915824588407865,0.02284078484351021,0.07122765302777853,-0.04904521592251814,-0.1149679415008199
6.827987194061279,0.027606003702476806,0.027675376571661706,0.061752364985105834,0.13162972942412143,-0.07245527355893916,-0.04507000772825369,-0.02524743685712524,0.0008849513066019402,-0.04117754253329979,-0.12946022590074274,0.04622047203092742,-0.04762303036218368
6.859507322311401,0.021704830844062186,0.010802700229477245,0.08130579082067044,-0.311800771910422,-0.1270674431930568,-0.14686258154143125,-0.0212478972201885,0.014668175202553901,-0.0184423570448077,0.3078858072313746,-0.21694249335686652,-0.1498820951427469
6.888399839401245,0.00045041138794658583,0.03185948779697585,0.10779748797292946,-0.2782511713705429,-0.08470207367037438,-0.029601340608616647,0.0009913377407977791,-0.008165582321621892,-0.0626545920855136,0.2805370247307127,-0.19524662302022094,-0.03900053111767564
6.917332172393799,-0.0035330811167677756,0.03510438738525827,0.07728329412808056,0.1819821420174767,0.031232937675814268,-0.1387348563020314,0.0066663042119752755,-0.008809820533725598,-0.08235164160573177,-0.192829349188325,0.1254661186267158,-0.13394690737361908
6.94709324836731,0.003278336423588387,0.005579470182925584,0.02983781762161572,-0.03147817666595179,0.14762911049247118,-0.0462598861732728,-0.004312218108535269,0.025079048697180455,-0.011161460072694612,0.034852608179803624,-0.03890977610908225,-0.0415323368906237
6.97729229927063,-0.00016962193003296992,0.009000121724479474,0.019683735859290407,-0.14881360660901669,0.11286662202851107,0.15923370002226472,-0.003298880117123745,0.02083364449239278,0.012547805344175936,0.17183671207070658,-0.14002040352475037,0.1544224106298257
7.009314775466919,0.005831843070409033,0.030209475705468072,0.054886588897264554,0.15607880605405514,-0.07574625073310708,-0.10856915797202199,-0.0053193114617992796,-0.002833162135628793,-0.041068888413386406,-0.16024880470339106,0.07594070666377714,-0.10924826598172371
7.040784597396851,0.015900053876928975,0.013291059702760382,0.049272771857506364,-0.009814385764905176,-0.09473914149090369,-0.15091099366308353,-0.01644587740641992,0.014434498001128074,-0.013325561317834113,0.0007461288961284618,-0.019209626348589068,-0.1465826825812632
7.068389177322388,0.004533513167849824,-0.01806754532511282,-3.304930644288523e-05,-0.3305611591918038,-0.13312912351020287,0.08534894907205803,-0.010292208988926365,0.04303915557909598,0.06260617072349828,0.34076095301781295,-0.23578047833950005,0.0773578301712427
7.102842569351196,0.002781314689408695,0.00372071996108736,0.005532094367404005,0.1359851453730318,0.029222366146148954,-0.16112713768893022,-0.002572561302033688,0.023953560464709162,-0.0007102422278245091,-0.16333757315731057,0.09334923841240839,-0.15938422301369365
7.1297383308410645,0.018966066712096462,0.024824095130808212,0.05704248862228777,0.11715181594310109,0.02300615246862506,-0.08448687245285047,-0.017130595332830362,0.005466425387680114,-0.04320693662205728,-0.1192579458547163,0.030105869425741283,-0.08558986924739574
7.158762454986572,0.024378205108974177,0.01961737066610686,0.045936467488069475,-0.10610611991942084,0.1433149949980781,0.018093610746490726,-0.024516380497827405,0.013277931745204748,-0.010692201308278942,0.1149604879289913,-0.10255870996425598,0.016654708038611465
7.188520193099976,0.023925813783808477,0.008454079934298982,0.0402176257958904,0.025474770596970453,0.012355739785835651,-0.1601245895407199,-0.023399997389076423,0.02100654929338004,-0.0113164396350103,-0.03643552443248907,0.019811042475690974,-0.1556455113201254
7.2131030559539795,0.03413155704266753,0.03498937131832152,0.08534326114010005,0.11373759242460064,-0.05160954923695077,-0.014363710882099173,-0.03203946343916896,-0.005327220052077742,-0.061115993736192,-0.10556832299291341,0.026389970566021007,-0.01661834310127311
7.245482683181763,0.027654561935233656,0.03107456728002253,0.12339199241067228,-0.33650283818436816,-0.10651174787234731,-0.1375932378014418,-0.026608010622585637,-0.004785706099965992,-0.058048688060760835,0.33830155372331794,-0.2437169102124334,-0.14559208631255458
7.2751476764678955,0.005460374265885179,0.05812146998885434,0.11754625797152238,-0.26953186924462313,0.2584271127992713,0.05005859134526419,-0.003887183453283035,-0.028170129526622706,-0.08760821286600327,0.27838991371659144,-0.18740755470922205,0.04388171915349248
7.305357217788696,-0.0009778162075066302,0.046050429787399226,0.09459629972731111,0.1890355082899436,-0.055143121278202145,-0.1690342905939004,0.002379773940061911,-0.021321402479515777,-0.09213631623255177,-0.1902218426487582,0.12800944168220796,-0.16367607956818211
7.334442853927612,0.005946819523492856,0.008922980871308599,0.040636003643356004,0.002690818922476912,-0.08726470840769182,-0.05579700730353668,-0.008991167945189605,0.01730482689933563,-0.012259039589523651,0.0027107461599707172,-0.0172385347562371,-0.05042332261408097
7.362415075302124,-0.0014115992719192002,0.020946243964377706,0.08941206422380357,-0.3276172605709837,-0.1165010237301285,-0.06978037705168971,-0.0008517159868035827,0.00387619480692843,-0.03418260769976461,0.32941628510766874,-0.2495597039127676,-0.08253728423742437
7.3968517780303955,-0.005046150260484918,0.022034091394451536,0.05250765443698749,0.15708537821405044,0.022488323803856236,-0.1482604157773665,0.005268340413259397,0.004825527327798256,-0.051090843031210434,-0.1759379230805943,0.11847051319011642,-0.14291392675891054
7.427806377410889,0.011368755653222113,0.028174904716124615,0.07404466727573979,0.1267808597912119,0.02070416004613446,-0.08358751632868679,-0.011074377614121266,0.00181180437830701,-0.061668934929959604,-0.12444861480012746,0.04230873940627254,-0.08302651862148853
7.4586875438690186,0.017254279239928956,0.014986259103376292,0.05649311605455673,-0.10179748448732176,-0.02048176386676988,0.03695023551640439,-0.02000526875564173,0.014930759163053788,-0.014901431775176381,0.11798278128912733,-0.10589317778238132,0.03454694192586523
7.489680051803589,0.02307396213242182,0.03130602782292787,0.07078707048970934,0.09147172291447736,0.004186538880199216,-0.08106431450358814,-0.02287000153518641,-0.0008242744411270098,-0.049079821507364084,-0.09497697262071898,0.03617081664580045,-0.08246004244385438
7.524813413619995,0.03346243678974859,0.02659485251154048,0.07579193914241715,0.08013753102371451,0.006156973463408836,-0.1634548367931233,-0.032809076061781066,0.004205496310319225,-0.049422589683898815,-0.08853488569169737,0.03748560749352094,-0.16001642729061447
7.5532543659210205,0.025232930245627047,0.004491519631748073,0.0154908069771953,-0.3282789049559299,0.27555349606047413,0.16048056042439193,-0.02987289737224793,0.02951837692714112,0.03414935837414611,0.3457829549449538,-0.24642201894115412,0.15242024032385873
7.584496021270752,0.0100512233266512,0.00045900084464057384,0.0007232191405887184,-0.08153076760579306,0.06235071236113521,-0.033195207714157515,-0.013807079867952692,0.02836386280250455,0.03047050270464314,0.07927618771759654,-0.05915092469706085,-0.0333485973611406
7.617267847061157,0.01678499809357474,0.02251556724835539,0.041986941068533644,0.18750724015593853,-0.11063670294001324,-0.09767103891630327,-0.01701813926820136,0.004540985973376051,-0.028079667491846025,-0.19376923934224233,0.09039018257722586,-0.09710339775430424
7.650593042373657,0.015095919345940526,0.029473965395904946,0.10619272799665896,-0.32309482137942613,-0.1792854811175052,-0.12143859262623291,-0.015368986851397079,-0.0047305798447269,-0.04315403982517107,0.3238728751541745,-0.2489421612887387,-0.13128961734650585
7.68354344367981,-0.006017552575990865,0.04648864067215794,0.12123041058404968,-0.2722278914006515,-0.12521954459764295,-0.04545260447467847,0.006816810797280793,-0.023842800120125206,-0.07706245246167684,0.2741608600422032,-0.18308810315732954,-0.05280860702566503
7.726199388504028,-0.008974405077944909,0.04419265948717092,0.07797497438190543,0.1850770009672032,0.05085162649604724,-0.159453051966786,0.011372403302606778,-0.017512495441363858,-0.08581169535914474,-0.19911835117663895,0.13558752076650027,-0.15244411682341355
7.756748914718628,-0.0011593838887015255,0.012616363211987329,0.029174785876204617,-0.03432027114434785,0.16000377045643654,-0.049358118323535066,-0.0006252306781966803,0.018672242660435483,-0.011641914620972027,0.037757744053799114,-0.04113356075957372,-0.0448897426725304
7.787036418914795,0.00044024043981743155,0.005220905758757,0.01340024619389902,-0.06361507309965127,0.10515050825584511,0.025582207169062524,-0.003226649444854809,0.026214730464931765,0.013213776246671208,0.0695337192104245,-0.07156243380702744,0.02271300561564603
7.815150737762451,0.010451498541164565,0.02720873253677496,0.05627472235493532,0.14100188584492968,-0.07042504141004736,-0.06266599491738832,-0.010288318780375026,0.0022507834722273537,-0.03762492090928286,-0.1402531744915684,0.05530436927244421,-0.06360785757650682
7.844614028930664,0.0173262783924453,0.03739225448051116,0.07883563732041166,-0.12316431158140861,-0.113370890704802,0.08692812435172993,-0.018670440453634154,-0.008873134793714528,-0.030628468762874977,0.1445369167082056,-0.13058649851623044,0.08568253864409443
7.875977039337158,0.005190999377482471,0.04435252170920795,0.10765852712798243,-0.3145295487205204,-0.10125055100587008,-0.140324987894471,-0.00494968888447952,-0.018384216258015368,-0.05076001559984117,0.30922388645850096,-0.2166568169043866,-0.15084325703417584
7.91280198097229,0.0009246583611927008,0.042434960471817836,0.06861560703418448,0.15625168703761277,0.030772238125955004,-0.16704298493541975,0.0009598018427728876,-0.014649616089748302,-0.0656366821218558,-0.1744780092265807,0.11939119110227364,-0.1615482693231973
7.947103023529053,0.017090706269689643,0.06414841750285429,0.10667972440084561,0.13635325233396584,0.010073827690580291,0.009059696876739826,-0.01533632676225864,-0.03409283537594612,-0.09478878774866448,-0.11914334484681166,0.03050046693830598,0.008156923240103253
7.97873854637146,0.02224241902803114,0.046422275593706847,0.06949020341728608,-0.10607056058109493,0.14935848523384643,0.005066199300992176,-0.023294922099038315,-0.01348172983540314,-0.03500682224054703,0.11822276571312193,-0.10048263431202721,0.00335206899002313
8.01281189918518,0.01697355225069571,0.03279005710590077,0.04064906713808829,-0.11359786153987839,0.11123104897009334,-0.009129479213833114,-0.019464763161070545,-0.0011000022588126702,-0.0042318762362147065,0.1182538245468911,-0.09124529077154982,-0.009996157515471046
8.044849872589111,0.021487417434292364,0.050151495162148535,0.0708343142391161,0.14306200572073363,-0.08273386361622298,-0.06552870311907896,-0.02165768352839926,-0.0216625607580697,-0.050493824392025224,-0.14139617779690739,0.061976435218356704,-0.0659650181524943
8.076906681060791,0.01680834162417864,0.024925196487559587,0.07565913646934302,-0.30486652718809837,-0.13874395361113762,-0.15954201826359415,-0.01898017480150062,0.0008621080694713006,-0.0124593122271058,0.298516848248808,-0.20873566783595976,-0.1620911997481977
8.10660195350647,-0.0037423274371123534,0.03672056724842039,0.09179452408055408,-0.28403987460221575,-0.09611637938457912,-0.06185303891083631,0.0026949060803919712,-0.012614697398415477,-0.04497548332916252,0.28217552045373817,-0.19574883396926834,-0.07188793030530363
8.144438982009888,-0.006966651839474128,0.03753747102884871,0.05940660492556951,0.18101745432220834,0.034739109361314635,-0.13828083132087193,0.008044817992681457,-0.010602817621069209,-0.0641283550419665,-0.1963669223039397,0.1267877298230608,-0.13282427083836368
8.1769859790802,0.0009221590457157078,0.0069515979392029345,0.013927586895800842,-0.029059162093997337,0.14741212207219895,-0.04216058549557622,-0.0034703229915331174,0.024211657991808085,0.004777003540218774,0.030042426571147057,-0.03772347173149615,-0.037537081665180105
